,cik,company.name,ticker,date.filed,90_DAYS
0,1013880,TELETECH HOLDINGS INC,TTEC,2017-05-09,2017-08-07
1,1013880,TELETECH HOLDINGS INC,TTEC,2017-08-07,2017-11-05
2,1013880,TELETECH HOLDINGS INC,TTEC,2017-11-08,2018-02-06
3,1013880,TTEC Holdings  Inc ,TTEC,2018-05-10,2018-08-08
4,1013880,TTEC Holdings  Inc ,TTEC,2018-08-07,2018-11-05
5,1013880,TTEC Holdings  Inc ,TTEC,2018-11-07,2019-02-05
6,1013880,TTEC Holdings  Inc ,TTEC,2019-05-07,2019-08-05
7,1013880,TTEC Holdings  Inc ,TTEC,2019-08-07,2019-11-05
8,1013880,TTEC Holdings  Inc ,TTEC,2019-11-05,2020-02-03
9,1013880,TTEC Holdings  Inc ,TTEC,2020-05-04,2020-08-02
10,1013880,TTEC Holdings  Inc ,TTEC,2020-08-05,2020-11-03
11,1013880,TTEC Holdings  Inc ,TTEC,2020-11-04,2021-02-02
12,1013880,TTEC Holdings  Inc ,TTEC,2021-05-04,2021-08-02
13,1013880,TTEC Holdings  Inc ,TTEC,2021-08-03,2021-11-01
14,1013880,TTEC Holdings  Inc ,TTEC,2021-11-09,2022-02-07
15,1016281,CARRIAGE SERVICES INC,CSV,2017-04-26,2017-07-25
16,1016281,CARRIAGE SERVICES INC,CSV,2017-07-28,2017-10-26
17,1016281,CARRIAGE SERVICES INC,CSV,2017-10-25,2018-01-23
18,1016281,CARRIAGE SERVICES INC,CSV,2018-04-27,2018-07-26
19,1016281,CARRIAGE SERVICES INC,CSV,2018-07-31,2018-10-29
20,1016281,CARRIAGE SERVICES INC,CSV,2018-11-01,2019-01-30
21,1016281,CARRIAGE SERVICES INC,CSV,2019-05-02,2019-07-31
22,1016281,CARRIAGE SERVICES INC,CSV,2019-08-01,2019-10-30
23,1016281,CARRIAGE SERVICES INC,CSV,2019-10-30,2020-01-28
24,1016281,CARRIAGE SERVICES INC,CSV,2020-05-27,2020-08-25
25,1016281,CARRIAGE SERVICES INC,CSV,2020-08-04,2020-11-02
26,1016281,CARRIAGE SERVICES INC,CSV,2020-11-03,2021-02-01
27,1016281,CARRIAGE SERVICES INC,CSV,2021-05-05,2021-08-03
28,1016281,CARRIAGE SERVICES INC,CSV,2021-08-04,2021-11-02
29,1016281,CARRIAGE SERVICES INC,CSV,2021-11-03,2022-02-01
30,1028918,PACIFIC PREMIER BANCORP INC,PPBI,2017-05-10,2017-08-08
31,1028918,PACIFIC PREMIER BANCORP INC,PPBI,2017-08-04,2017-11-02
32,1028918,PACIFIC PREMIER BANCORP INC,PPBI,2017-11-07,2018-02-05
33,1028918,PACIFIC PREMIER BANCORP INC,PPBI,2018-05-10,2018-08-08
34,1028918,PACIFIC PREMIER BANCORP INC,PPBI,2018-08-08,2018-11-06
35,1028918,PACIFIC PREMIER BANCORP INC,PPBI,2018-11-08,2019-02-06
36,1028918,PACIFIC PREMIER BANCORP INC,PPBI,2019-05-08,2019-08-06
37,1028918,PACIFIC PREMIER BANCORP INC,PPBI,2019-08-08,2019-11-06
38,1028918,PACIFIC PREMIER BANCORP INC,PPBI,2019-11-07,2020-02-05
39,1028918,PACIFIC PREMIER BANCORP INC,PPBI,2020-05-08,2020-08-06
40,1028918,PACIFIC PREMIER BANCORP INC,PPBI,2020-08-07,2020-11-05
41,1028918,PACIFIC PREMIER BANCORP INC,PPBI,2020-11-06,2021-02-04
42,1028918,PACIFIC PREMIER BANCORP INC,PPBI,2021-05-07,2021-08-05
43,1028918,PACIFIC PREMIER BANCORP INC,PPBI,2021-08-06,2021-11-04
44,1028918,PACIFIC PREMIER BANCORP INC,PPBI,2021-11-05,2022-02-03
45,1039828,AMERICAN EQUITY INVESTMENT LIFE HOLDING CO,AEL,2017-05-09,2017-08-07
46,1039828,AMERICAN EQUITY INVESTMENT LIFE HOLDING CO,AEL-PA,2017-05-09,2017-08-07
47,1039828,AMERICAN EQUITY INVESTMENT LIFE HOLDING CO,AEL-PB,2017-05-09,2017-08-07
48,1039828,AMERICAN EQUITY INVESTMENT LIFE HOLDING CO,AEL,2017-08-07,2017-11-05
49,1039828,AMERICAN EQUITY INVESTMENT LIFE HOLDING CO,AEL-PA,2017-08-07,2017-11-05
50,1039828,AMERICAN EQUITY INVESTMENT LIFE HOLDING CO,AEL-PB,2017-08-07,2017-11-05
51,1039828,AMERICAN EQUITY INVESTMENT LIFE HOLDING CO,AEL,2017-11-09,2018-02-07
52,1039828,AMERICAN EQUITY INVESTMENT LIFE HOLDING CO,AEL-PA,2017-11-09,2018-02-07
53,1039828,AMERICAN EQUITY INVESTMENT LIFE HOLDING CO,AEL-PB,2017-11-09,2018-02-07
54,1039828,AMERICAN EQUITY INVESTMENT LIFE HOLDING CO,AEL,2018-05-08,2018-08-06
55,1039828,AMERICAN EQUITY INVESTMENT LIFE HOLDING CO,AEL-PA,2018-05-08,2018-08-06
56,1039828,AMERICAN EQUITY INVESTMENT LIFE HOLDING CO,AEL-PB,2018-05-08,2018-08-06
57,1039828,AMERICAN EQUITY INVESTMENT LIFE HOLDING CO,AEL,2018-08-08,2018-11-06
58,1039828,AMERICAN EQUITY INVESTMENT LIFE HOLDING CO,AEL-PA,2018-08-08,2018-11-06
59,1039828,AMERICAN EQUITY INVESTMENT LIFE HOLDING CO,AEL-PB,2018-08-08,2018-11-06
60,1039828,AMERICAN EQUITY INVESTMENT LIFE HOLDING CO,AEL,2018-11-06,2019-02-04
61,1039828,AMERICAN EQUITY INVESTMENT LIFE HOLDING CO,AEL-PA,2018-11-06,2019-02-04
62,1039828,AMERICAN EQUITY INVESTMENT LIFE HOLDING CO,AEL-PB,2018-11-06,2019-02-04
63,1039828,AMERICAN EQUITY INVESTMENT LIFE HOLDING CO,AEL,2019-05-08,2019-08-06
64,1039828,AMERICAN EQUITY INVESTMENT LIFE HOLDING CO,AEL-PA,2019-05-08,2019-08-06
65,1039828,AMERICAN EQUITY INVESTMENT LIFE HOLDING CO,AEL-PB,2019-05-08,2019-08-06
66,1039828,AMERICAN EQUITY INVESTMENT LIFE HOLDING CO,AEL,2019-08-08,2019-11-06
67,1039828,AMERICAN EQUITY INVESTMENT LIFE HOLDING CO,AEL-PA,2019-08-08,2019-11-06
68,1039828,AMERICAN EQUITY INVESTMENT LIFE HOLDING CO,AEL-PB,2019-08-08,2019-11-06
69,1039828,AMERICAN EQUITY INVESTMENT LIFE HOLDING CO,AEL,2019-11-08,2020-02-06
70,1039828,AMERICAN EQUITY INVESTMENT LIFE HOLDING CO,AEL-PA,2019-11-08,2020-02-06
71,1039828,AMERICAN EQUITY INVESTMENT LIFE HOLDING CO,AEL-PB,2019-11-08,2020-02-06
72,1039828,AMERICAN EQUITY INVESTMENT LIFE HOLDING CO,AEL,2020-05-11,2020-08-09
73,1039828,AMERICAN EQUITY INVESTMENT LIFE HOLDING CO,AEL-PA,2020-05-11,2020-08-09
74,1039828,AMERICAN EQUITY INVESTMENT LIFE HOLDING CO,AEL-PB,2020-05-11,2020-08-09
75,1039828,AMERICAN EQUITY INVESTMENT LIFE HOLDING CO,AEL,2020-08-10,2020-11-08
76,1039828,AMERICAN EQUITY INVESTMENT LIFE HOLDING CO,AEL-PA,2020-08-10,2020-11-08
77,1039828,AMERICAN EQUITY INVESTMENT LIFE HOLDING CO,AEL-PB,2020-08-10,2020-11-08
78,1039828,AMERICAN EQUITY INVESTMENT LIFE HOLDING CO,AEL,2020-11-06,2021-02-04
79,1039828,AMERICAN EQUITY INVESTMENT LIFE HOLDING CO,AEL-PA,2020-11-06,2021-02-04
80,1039828,AMERICAN EQUITY INVESTMENT LIFE HOLDING CO,AEL-PB,2020-11-06,2021-02-04
81,1039828,AMERICAN EQUITY INVESTMENT LIFE HOLDING CO,AEL,2021-05-10,2021-08-08
82,1039828,AMERICAN EQUITY INVESTMENT LIFE HOLDING CO,AEL-PA,2021-05-10,2021-08-08
83,1039828,AMERICAN EQUITY INVESTMENT LIFE HOLDING CO,AEL-PB,2021-05-10,2021-08-08
84,1039828,AMERICAN EQUITY INVESTMENT LIFE HOLDING CO,AEL,2021-08-09,2021-11-07
85,1039828,AMERICAN EQUITY INVESTMENT LIFE HOLDING CO,AEL-PA,2021-08-09,2021-11-07
86,1039828,AMERICAN EQUITY INVESTMENT LIFE HOLDING CO,AEL-PB,2021-08-09,2021-11-07
87,1039828,AMERICAN EQUITY INVESTMENT LIFE HOLDING CO,AEL,2021-11-09,2022-02-07
88,1039828,AMERICAN EQUITY INVESTMENT LIFE HOLDING CO,AEL-PA,2021-11-09,2022-02-07
89,1039828,AMERICAN EQUITY INVESTMENT LIFE HOLDING CO,AEL-PB,2021-11-09,2022-02-07
90,1040829,Ryman Hospitality Properties  Inc ,RHP,2017-05-04,2017-08-02
91,1040829,Ryman Hospitality Properties  Inc ,RHP,2017-08-08,2017-11-06
92,1040829,Ryman Hospitality Properties  Inc ,RHP,2017-11-07,2018-02-05
93,1040829,Ryman Hospitality Properties  Inc ,RHP,2018-05-03,2018-08-01
94,1040829,Ryman Hospitality Properties  Inc ,RHP,2018-08-08,2018-11-06
95,1040829,Ryman Hospitality Properties  Inc ,RHP,2018-11-07,2019-02-05
96,1040829,Ryman Hospitality Properties  Inc ,RHP,2019-05-07,2019-08-05
97,1040829,Ryman Hospitality Properties  Inc ,RHP,2019-08-06,2019-11-04
98,1040829,Ryman Hospitality Properties  Inc ,RHP,2019-11-05,2020-02-03
99,1040829,Ryman Hospitality Properties  Inc ,RHP,2020-05-07,2020-08-05
100,1040829,Ryman Hospitality Properties  Inc ,RHP,2020-08-06,2020-11-04
101,1040829,Ryman Hospitality Properties  Inc ,RHP,2020-11-03,2021-02-01
102,1040829,Ryman Hospitality Properties  Inc ,RHP,2021-05-04,2021-08-02
103,1040829,Ryman Hospitality Properties  Inc ,RHP,2021-08-03,2021-11-01
104,1040829,Ryman Hospitality Properties  Inc ,RHP,2021-11-02,2022-01-31
105,1096056,LUXFER HOLDINGS PLC,LXFR,2019-05-01,2019-07-30
106,1096056,LUXFER HOLDINGS PLC,LXFR,2019-07-31,2019-10-29
107,1096056,LUXFER HOLDINGS PLC,LXFR,2019-10-30,2020-01-28
108,1096056,LUXFER HOLDINGS PLC,LXFR,2020-04-27,2020-07-26
109,1096056,LUXFER HOLDINGS PLC,LXFR,2020-07-27,2020-10-25
110,1096056,LUXFER HOLDINGS PLC,LXFR,2020-10-26,2021-01-24
111,1096056,LUXFER HOLDINGS PLC,LXFR,2021-04-26,2021-07-25
112,1096056,LUXFER HOLDINGS PLC,LXFR,2021-07-26,2021-10-24
113,1096056,LUXFER HOLDINGS PLC,LXFR,2021-10-25,2022-01-23
114,1099590,MERCADOLIBRE INC,MELI,2017-05-05,2017-08-03
115,1099590,MERCADOLIBRE INC,MELI,2017-08-04,2017-11-02
116,1099590,MERCADOLIBRE INC,MELI,2017-11-03,2018-02-01
117,1099590,MERCADOLIBRE INC,MELI,2018-05-10,2018-08-08
118,1099590,MERCADOLIBRE INC,MELI,2018-08-09,2018-11-07
119,1099590,MERCADOLIBRE INC,MELI,2018-11-02,2019-01-31
120,1099590,MERCADOLIBRE INC,MELI,2019-05-03,2019-08-01
121,1099590,MERCADOLIBRE INC,MELI,2019-08-08,2019-11-06
122,1099590,MERCADOLIBRE INC,MELI,2019-11-01,2020-01-30
123,1099590,MERCADOLIBRE INC,MELI,2020-05-06,2020-08-04
124,1099590,MERCADOLIBRE INC,MELI,2020-08-10,2020-11-08
125,1099590,MERCADOLIBRE INC,MELI,2020-11-05,2021-02-03
126,1099590,MERCADOLIBRE INC,MELI,2021-05-06,2021-08-04
127,1099590,MERCADOLIBRE INC,MELI,2021-08-05,2021-11-03
128,1099590,MERCADOLIBRE INC,MELI,2021-11-05,2022-02-03
129,1101239,EQUINIX INC,EQIX,2017-05-05,2017-08-03
130,1101239,EQUINIX INC,EQIX,2017-08-04,2017-11-02
131,1101239,EQUINIX INC,EQIX,2017-11-03,2018-02-01
132,1101239,EQUINIX INC,EQIX,2018-05-04,2018-08-02
133,1101239,EQUINIX INC,EQIX,2018-08-08,2018-11-06
134,1101239,EQUINIX INC,EQIX,2018-11-02,2019-01-31
135,1101239,EQUINIX INC,EQIX,2019-05-03,2019-08-01
136,1101239,EQUINIX INC,EQIX,2019-08-02,2019-10-31
137,1101239,EQUINIX INC,EQIX,2019-11-01,2020-01-30
138,1101239,EQUINIX INC,EQIX,2020-05-07,2020-08-05
139,1101239,EQUINIX INC,EQIX,2020-07-31,2020-10-29
140,1101239,EQUINIX INC,EQIX,2020-10-30,2021-01-28
141,1101239,EQUINIX INC,EQIX,2021-04-30,2021-07-29
142,1101239,EQUINIX INC,EQIX,2021-07-30,2021-10-28
143,1101239,EQUINIX INC,EQIX,2021-11-04,2022-02-02
144,1158324,COGENT COMMUNICATIONS HOLDINGS  INC ,CCOI,2017-05-04,2017-08-02
145,1158324,COGENT COMMUNICATIONS HOLDINGS  INC ,CCOI,2017-08-03,2017-11-01
146,1158324,COGENT COMMUNICATIONS HOLDINGS  INC ,CCOI,2017-11-02,2018-01-31
147,1158324,COGENT COMMUNICATIONS HOLDINGS  INC ,CCOI,2018-05-03,2018-08-01
148,1158324,COGENT COMMUNICATIONS HOLDINGS  INC ,CCOI,2018-08-02,2018-10-31
149,1158324,COGENT COMMUNICATIONS HOLDINGS  INC ,CCOI,2018-11-01,2019-01-30
150,1158324,COGENT COMMUNICATIONS HOLDINGS  INC ,CCOI,2019-05-02,2019-07-31
151,1158324,COGENT COMMUNICATIONS HOLDINGS  INC ,CCOI,2019-08-08,2019-11-06
152,1158324,COGENT COMMUNICATIONS HOLDINGS  INC ,CCOI,2019-11-07,2020-02-05
153,1158324,COGENT COMMUNICATIONS HOLDINGS  INC ,CCOI,2020-05-07,2020-08-05
154,1158324,COGENT COMMUNICATIONS HOLDINGS  INC ,CCOI,2020-08-06,2020-11-04
155,1158324,COGENT COMMUNICATIONS HOLDINGS  INC ,CCOI,2020-11-05,2021-02-03
156,1158324,COGENT COMMUNICATIONS HOLDINGS  INC ,CCOI,2021-04-28,2021-07-27
157,1158324,COGENT COMMUNICATIONS HOLDINGS  INC ,CCOI,2021-08-05,2021-11-03
158,1158324,COGENT COMMUNICATIONS HOLDINGS  INC ,CCOI,2021-11-04,2022-02-02
159,1297996,Digital Realty Trust  Inc ,DLR,2017-05-10,2017-08-08
160,1297996,Digital Realty Trust  Inc ,DLR-PK,2017-05-10,2017-08-08
161,1297996,Digital Realty Trust  Inc ,DLR-PJ,2017-05-10,2017-08-08
162,1297996,Digital Realty Trust  Inc ,DLR-PL,2017-05-10,2017-08-08
163,1297996,Digital Realty Trust  Inc ,DLR,2017-08-09,2017-11-07
164,1297996,Digital Realty Trust  Inc ,DLR-PK,2017-08-09,2017-11-07
165,1297996,Digital Realty Trust  Inc ,DLR-PJ,2017-08-09,2017-11-07
166,1297996,Digital Realty Trust  Inc ,DLR-PL,2017-08-09,2017-11-07
167,1297996,Digital Realty Trust  Inc ,DLR,2017-11-09,2018-02-07
168,1297996,Digital Realty Trust  Inc ,DLR-PK,2017-11-09,2018-02-07
169,1297996,Digital Realty Trust  Inc ,DLR-PJ,2017-11-09,2018-02-07
170,1297996,Digital Realty Trust  Inc ,DLR-PL,2017-11-09,2018-02-07
171,1297996,Digital Realty Trust  Inc ,DLR,2018-05-08,2018-08-06
172,1297996,Digital Realty Trust  Inc ,DLR-PK,2018-05-08,2018-08-06
173,1297996,Digital Realty Trust  Inc ,DLR-PJ,2018-05-08,2018-08-06
174,1297996,Digital Realty Trust  Inc ,DLR-PL,2018-05-08,2018-08-06
175,1297996,Digital Realty Trust  Inc ,DLR,2018-08-07,2018-11-05
176,1297996,Digital Realty Trust  Inc ,DLR-PK,2018-08-07,2018-11-05
177,1297996,Digital Realty Trust  Inc ,DLR-PJ,2018-08-07,2018-11-05
178,1297996,Digital Realty Trust  Inc ,DLR-PL,2018-08-07,2018-11-05
179,1297996,Digital Realty Trust  Inc ,DLR,2018-11-02,2019-01-31
180,1297996,Digital Realty Trust  Inc ,DLR-PK,2018-11-02,2019-01-31
181,1297996,Digital Realty Trust  Inc ,DLR-PJ,2018-11-02,2019-01-31
182,1297996,Digital Realty Trust  Inc ,DLR-PL,2018-11-02,2019-01-31
183,1297996,Digital Realty Trust  Inc ,DLR,2019-05-10,2019-08-08
184,1297996,Digital Realty Trust  Inc ,DLR-PK,2019-05-10,2019-08-08
185,1297996,Digital Realty Trust  Inc ,DLR-PJ,2019-05-10,2019-08-08
186,1297996,Digital Realty Trust  Inc ,DLR-PL,2019-05-10,2019-08-08
187,1297996,DIGITAL REALTY TRUST  INC ,DLR,2019-08-07,2019-11-05
188,1297996,DIGITAL REALTY TRUST  INC ,DLR-PK,2019-08-07,2019-11-05
189,1297996,DIGITAL REALTY TRUST  INC ,DLR-PJ,2019-08-07,2019-11-05
190,1297996,DIGITAL REALTY TRUST  INC ,DLR-PL,2019-08-07,2019-11-05
191,1297996,DIGITAL REALTY TRUST  INC ,DLR,2019-11-08,2020-02-06
192,1297996,DIGITAL REALTY TRUST  INC ,DLR-PK,2019-11-08,2020-02-06
193,1297996,DIGITAL REALTY TRUST  INC ,DLR-PJ,2019-11-08,2020-02-06
194,1297996,DIGITAL REALTY TRUST  INC ,DLR-PL,2019-11-08,2020-02-06
195,1297996,DIGITAL REALTY TRUST  INC ,DLR,2020-05-11,2020-08-09
196,1297996,DIGITAL REALTY TRUST  INC ,DLR-PK,2020-05-11,2020-08-09
197,1297996,DIGITAL REALTY TRUST  INC ,DLR-PJ,2020-05-11,2020-08-09
198,1297996,DIGITAL REALTY TRUST  INC ,DLR-PL,2020-05-11,2020-08-09
199,1297996,DIGITAL REALTY TRUST  INC ,DLR,2020-08-10,2020-11-08
200,1297996,DIGITAL REALTY TRUST  INC ,DLR-PK,2020-08-10,2020-11-08
201,1297996,DIGITAL REALTY TRUST  INC ,DLR-PJ,2020-08-10,2020-11-08
202,1297996,DIGITAL REALTY TRUST  INC ,DLR-PL,2020-08-10,2020-11-08
203,1297996,DIGITAL REALTY TRUST  INC ,DLR,2020-11-06,2021-02-04
204,1297996,DIGITAL REALTY TRUST  INC ,DLR-PK,2020-11-06,2021-02-04
205,1297996,DIGITAL REALTY TRUST  INC ,DLR-PJ,2020-11-06,2021-02-04
206,1297996,DIGITAL REALTY TRUST  INC ,DLR-PL,2020-11-06,2021-02-04
207,1297996,DIGITAL REALTY TRUST  INC ,DLR,2021-05-07,2021-08-05
208,1297996,DIGITAL REALTY TRUST  INC ,DLR-PK,2021-05-07,2021-08-05
209,1297996,DIGITAL REALTY TRUST  INC ,DLR-PJ,2021-05-07,2021-08-05
210,1297996,DIGITAL REALTY TRUST  INC ,DLR-PL,2021-05-07,2021-08-05
211,1297996,DIGITAL REALTY TRUST  INC ,DLR,2021-08-06,2021-11-04
212,1297996,DIGITAL REALTY TRUST  INC ,DLR-PK,2021-08-06,2021-11-04
213,1297996,DIGITAL REALTY TRUST  INC ,DLR-PJ,2021-08-06,2021-11-04
214,1297996,DIGITAL REALTY TRUST  INC ,DLR-PL,2021-08-06,2021-11-04
215,1297996,DIGITAL REALTY TRUST  INC ,DLR,2021-11-05,2022-02-03
216,1297996,DIGITAL REALTY TRUST  INC ,DLR-PK,2021-11-05,2022-02-03
217,1297996,DIGITAL REALTY TRUST  INC ,DLR-PJ,2021-11-05,2022-02-03
218,1297996,DIGITAL REALTY TRUST  INC ,DLR-PL,2021-11-05,2022-02-03
219,1301236,Sotherly Hotels Inc ,SOHO,2017-05-12,2017-08-10
220,1301236,Sotherly Hotels Inc ,SOHOB,2017-05-12,2017-08-10
221,1301236,Sotherly Hotels Inc ,SOHOO,2017-05-12,2017-08-10
222,1301236,Sotherly Hotels Inc ,SOHON,2017-05-12,2017-08-10
223,1301236,Sotherly Hotels Inc ,SOHO,2017-08-10,2017-11-08
224,1301236,Sotherly Hotels Inc ,SOHOB,2017-08-10,2017-11-08
225,1301236,Sotherly Hotels Inc ,SOHOO,2017-08-10,2017-11-08
226,1301236,Sotherly Hotels Inc ,SOHON,2017-08-10,2017-11-08
227,1301236,Sotherly Hotels Inc ,SOHO,2017-11-08,2018-02-06
228,1301236,Sotherly Hotels Inc ,SOHOB,2017-11-08,2018-02-06
229,1301236,Sotherly Hotels Inc ,SOHOO,2017-11-08,2018-02-06
230,1301236,Sotherly Hotels Inc ,SOHON,2017-11-08,2018-02-06
231,1301236,Sotherly Hotels Inc ,SOHO,2018-05-10,2018-08-08
232,1301236,Sotherly Hotels Inc ,SOHOB,2018-05-10,2018-08-08
233,1301236,Sotherly Hotels Inc ,SOHOO,2018-05-10,2018-08-08
234,1301236,Sotherly Hotels Inc ,SOHON,2018-05-10,2018-08-08
235,1301236,Sotherly Hotels Inc ,SOHO,2018-08-09,2018-11-07
236,1301236,Sotherly Hotels Inc ,SOHOB,2018-08-09,2018-11-07
237,1301236,Sotherly Hotels Inc ,SOHOO,2018-08-09,2018-11-07
238,1301236,Sotherly Hotels Inc ,SOHON,2018-08-09,2018-11-07
239,1301236,Sotherly Hotels Inc ,SOHO,2018-11-09,2019-02-07
240,1301236,Sotherly Hotels Inc ,SOHOB,2018-11-09,2019-02-07
241,1301236,Sotherly Hotels Inc ,SOHOO,2018-11-09,2019-02-07
242,1301236,Sotherly Hotels Inc ,SOHON,2018-11-09,2019-02-07
243,1301236,Sotherly Hotels Inc ,SOHO,2019-05-08,2019-08-06
244,1301236,Sotherly Hotels Inc ,SOHOB,2019-05-08,2019-08-06
245,1301236,Sotherly Hotels Inc ,SOHOO,2019-05-08,2019-08-06
246,1301236,Sotherly Hotels Inc ,SOHON,2019-05-08,2019-08-06
247,1301236,Sotherly Hotels Inc ,SOHO,2019-08-08,2019-11-06
248,1301236,Sotherly Hotels Inc ,SOHOB,2019-08-08,2019-11-06
249,1301236,Sotherly Hotels Inc ,SOHOO,2019-08-08,2019-11-06
250,1301236,Sotherly Hotels Inc ,SOHON,2019-08-08,2019-11-06
251,1301236,Sotherly Hotels Inc ,SOHO,2019-11-12,2020-02-10
252,1301236,Sotherly Hotels Inc ,SOHOB,2019-11-12,2020-02-10
253,1301236,Sotherly Hotels Inc ,SOHOO,2019-11-12,2020-02-10
254,1301236,Sotherly Hotels Inc ,SOHON,2019-11-12,2020-02-10
255,1301236,Sotherly Hotels Inc ,SOHO,2020-06-24,2020-09-22
256,1301236,Sotherly Hotels Inc ,SOHOB,2020-06-24,2020-09-22
257,1301236,Sotherly Hotels Inc ,SOHOO,2020-06-24,2020-09-22
258,1301236,Sotherly Hotels Inc ,SOHON,2020-06-24,2020-09-22
259,1301236,Sotherly Hotels Inc ,SOHO,2020-08-10,2020-11-08
260,1301236,Sotherly Hotels Inc ,SOHOB,2020-08-10,2020-11-08
261,1301236,Sotherly Hotels Inc ,SOHOO,2020-08-10,2020-11-08
262,1301236,Sotherly Hotels Inc ,SOHON,2020-08-10,2020-11-08
263,1301236,Sotherly Hotels Inc ,SOHO,2020-11-09,2021-02-07
264,1301236,Sotherly Hotels Inc ,SOHOB,2020-11-09,2021-02-07
265,1301236,Sotherly Hotels Inc ,SOHOO,2020-11-09,2021-02-07
266,1301236,Sotherly Hotels Inc ,SOHON,2020-11-09,2021-02-07
267,1301236,Sotherly Hotels Inc ,SOHO,2021-05-17,2021-08-15
268,1301236,Sotherly Hotels Inc ,SOHOB,2021-05-17,2021-08-15
269,1301236,Sotherly Hotels Inc ,SOHOO,2021-05-17,2021-08-15
270,1301236,Sotherly Hotels Inc ,SOHON,2021-05-17,2021-08-15
271,1301236,Sotherly Hotels Inc ,SOHO,2021-08-16,2021-11-14
272,1301236,Sotherly Hotels Inc ,SOHOB,2021-08-16,2021-11-14
273,1301236,Sotherly Hotels Inc ,SOHOO,2021-08-16,2021-11-14
274,1301236,Sotherly Hotels Inc ,SOHON,2021-08-16,2021-11-14
275,1301236,Sotherly Hotels Inc ,SOHO,2021-11-12,2022-02-10
276,1301236,Sotherly Hotels Inc ,SOHOB,2021-11-12,2022-02-10
277,1301236,Sotherly Hotels Inc ,SOHOO,2021-11-12,2022-02-10
278,1301236,Sotherly Hotels Inc ,SOHON,2021-11-12,2022-02-10
279,1349929,CANCER GENETICS  INC,VYNT,2017-05-12,2017-08-10
280,1349929,CANCER GENETICS  INC,VYNT,2017-08-14,2017-11-12
281,1349929,CANCER GENETICS  INC,VYNT,2017-11-13,2018-02-11
282,1349929,CANCER GENETICS  INC,VYNT,2018-05-15,2018-08-13
283,1349929,CANCER GENETICS  INC,VYNT,2018-08-14,2018-11-12
284,1349929,CANCER GENETICS  INC,VYNT,2018-11-19,2019-02-17
285,1349929,CANCER GENETICS  INC,VYNT,2019-05-20,2019-08-18
286,1349929,CANCER GENETICS  INC,VYNT,2019-08-19,2019-11-17
287,1349929,CANCER GENETICS  INC,VYNT,2019-11-19,2020-02-17
288,1349929,CANCER GENETICS  INC,VYNT,2020-06-24,2020-09-22
289,1349929,CANCER GENETICS  INC,VYNT,2020-08-13,2020-11-11
290,1349929,CANCER GENETICS  INC,VYNT,2020-11-12,2021-02-10
291,1349929,Vyant Bio  Inc ,VYNT,2021-05-17,2021-08-15
292,1349929,Vyant Bio  Inc ,VYNT,2021-08-16,2021-11-14
293,1349929,Vyant Bio  Inc ,VYNT,2021-11-12,2022-02-10
294,1357874,PRECISION BIOSCIENCES INC,DTIL,2019-04-29,2019-07-28
295,1357874,PRECISION BIOSCIENCES INC,DTIL,2019-08-14,2019-11-12
296,1357874,PRECISION BIOSCIENCES INC,DTIL,2019-11-12,2020-02-10
297,1357874,PRECISION BIOSCIENCES INC,DTIL,2020-05-15,2020-08-13
298,1357874,PRECISION BIOSCIENCES INC,DTIL,2020-08-13,2020-11-11
299,1357874,PRECISION BIOSCIENCES INC,DTIL,2020-11-10,2021-02-08
300,1357874,PRECISION BIOSCIENCES INC,DTIL,2021-05-13,2021-08-11
301,1357874,PRECISION BIOSCIENCES INC,DTIL,2021-08-12,2021-11-10
302,1357874,PRECISION BIOSCIENCES INC,DTIL,2021-11-10,2022-02-08
303,1362516,Cleartronic  Inc ,CLRI,2017-02-14,2017-05-15
304,1362516,Cleartronic  Inc ,CLRI,2017-05-15,2017-08-13
305,1362516,Cleartronic  Inc ,CLRI,2017-08-14,2017-11-12
306,1362516,Cleartronic  Inc ,CLRI,2018-02-13,2018-05-14
307,1362516,Cleartronic  Inc ,CLRI,2018-05-21,2018-08-19
308,1362516,Cleartronic  Inc ,CLRI,2018-08-20,2018-11-18
309,1362516,Cleartronic  Inc ,CLRI,2019-02-19,2019-05-20
310,1362516,Cleartronic  Inc ,CLRI,2019-05-20,2019-08-18
311,1362516,Cleartronic  Inc ,CLRI,2019-08-14,2019-11-12
312,1362516,Cleartronic  Inc ,CLRI,2020-02-19,2020-05-19
313,1362516,Cleartronic  Inc ,CLRI,2020-05-15,2020-08-13
314,1362516,Cleartronic  Inc ,CLRI,2020-08-14,2020-11-12
315,1362516,Cleartronic  Inc ,CLRI,2021-03-19,2021-06-17
316,1362516,Cleartronic  Inc ,CLRI,2021-05-17,2021-08-15
317,1362516,Cleartronic  Inc ,CLRI,2021-08-16,2021-11-14
318,1370450,Willdan Group  Inc ,WLDN,2017-05-05,2017-08-03
319,1370450,Willdan Group  Inc ,WLDN,2017-08-04,2017-11-02
320,1370450,Willdan Group  Inc ,WLDN,2017-11-03,2018-02-01
321,1370450,Willdan Group  Inc ,WLDN,2018-05-04,2018-08-02
322,1370450,Willdan Group  Inc ,WLDN,2018-08-03,2018-11-01
323,1370450,Willdan Group  Inc ,WLDN,2018-11-02,2019-01-31
324,1370450,Willdan Group  Inc ,WLDN,2019-05-06,2019-08-04
325,1370450,Willdan Group  Inc ,WLDN,2019-08-02,2019-10-31
326,1370450,Willdan Group  Inc ,WLDN,2019-11-01,2020-01-30
327,1370450,Willdan Group  Inc ,WLDN,2020-05-08,2020-08-06
328,1370450,Willdan Group  Inc ,WLDN,2020-08-07,2020-11-05
329,1370450,Willdan Group  Inc ,WLDN,2020-11-06,2021-02-04
330,1370450,Willdan Group  Inc ,WLDN,2021-05-07,2021-08-05
331,1370450,Willdan Group  Inc ,WLDN,2021-08-06,2021-11-04
332,1370450,Willdan Group  Inc ,WLDN,2021-11-05,2022-02-03
333,1398733,Aquestive Therapeutics  Inc ,AQST,2018-09-04,2018-12-03
334,1398733,Aquestive Therapeutics  Inc ,AQST,2018-11-06,2019-02-04
335,1398733,Aquestive Therapeutics  Inc ,AQST,2019-05-08,2019-08-06
336,1398733,Aquestive Therapeutics  Inc ,AQST,2019-08-06,2019-11-04
337,1398733,Aquestive Therapeutics  Inc ,AQST,2019-11-05,2020-02-03
338,1398733,Aquestive Therapeutics  Inc ,AQST,2020-05-05,2020-08-03
339,1398733,Aquestive Therapeutics  Inc ,AQST,2020-08-04,2020-11-02
340,1398733,Aquestive Therapeutics  Inc ,AQST,2020-11-04,2021-02-02
341,1398733,Aquestive Therapeutics  Inc ,AQST,2021-05-04,2021-08-02
342,1398733,Aquestive Therapeutics  Inc ,AQST,2021-08-03,2021-11-01
343,1398733,Aquestive Therapeutics  Inc ,AQST,2021-11-02,2022-01-31
344,1411342,Ellington Financial LLC,EFC,2017-05-10,2017-08-08
345,1411342,Ellington Financial LLC,EFC-PA,2017-05-10,2017-08-08
346,1411342,Ellington Financial LLC,EFC-PB,2017-05-10,2017-08-08
347,1411342,Ellington Financial LLC,EFC,2017-08-08,2017-11-06
348,1411342,Ellington Financial LLC,EFC-PA,2017-08-08,2017-11-06
349,1411342,Ellington Financial LLC,EFC-PB,2017-08-08,2017-11-06
350,1411342,Ellington Financial LLC,EFC,2017-11-09,2018-02-07
351,1411342,Ellington Financial LLC,EFC-PA,2017-11-09,2018-02-07
352,1411342,Ellington Financial LLC,EFC-PB,2017-11-09,2018-02-07
353,1411342,Ellington Financial LLC,EFC,2018-05-09,2018-08-07
354,1411342,Ellington Financial LLC,EFC-PA,2018-05-09,2018-08-07
355,1411342,Ellington Financial LLC,EFC-PB,2018-05-09,2018-08-07
356,1411342,Ellington Financial LLC,EFC,2018-08-09,2018-11-07
357,1411342,Ellington Financial LLC,EFC-PA,2018-08-09,2018-11-07
358,1411342,Ellington Financial LLC,EFC-PB,2018-08-09,2018-11-07
359,1411342,Ellington Financial LLC,EFC,2018-11-09,2019-02-07
360,1411342,Ellington Financial LLC,EFC-PA,2018-11-09,2019-02-07
361,1411342,Ellington Financial LLC,EFC-PB,2018-11-09,2019-02-07
362,1411342,Ellington Financial Inc ,EFC,2019-05-10,2019-08-08
363,1411342,Ellington Financial Inc ,EFC-PA,2019-05-10,2019-08-08
364,1411342,Ellington Financial Inc ,EFC-PB,2019-05-10,2019-08-08
365,1411342,Ellington Financial Inc ,EFC,2019-08-09,2019-11-07
366,1411342,Ellington Financial Inc ,EFC-PA,2019-08-09,2019-11-07
367,1411342,Ellington Financial Inc ,EFC-PB,2019-08-09,2019-11-07
368,1411342,Ellington Financial Inc ,EFC,2019-11-08,2020-02-06
369,1411342,Ellington Financial Inc ,EFC-PA,2019-11-08,2020-02-06
370,1411342,Ellington Financial Inc ,EFC-PB,2019-11-08,2020-02-06
371,1411342,Ellington Financial Inc ,EFC,2020-05-21,2020-08-19
372,1411342,Ellington Financial Inc ,EFC-PA,2020-05-21,2020-08-19
373,1411342,Ellington Financial Inc ,EFC-PB,2020-05-21,2020-08-19
374,1411342,Ellington Financial Inc ,EFC,2020-08-10,2020-11-08
375,1411342,Ellington Financial Inc ,EFC-PA,2020-08-10,2020-11-08
376,1411342,Ellington Financial Inc ,EFC-PB,2020-08-10,2020-11-08
377,1411342,Ellington Financial Inc ,EFC,2020-11-09,2021-02-07
378,1411342,Ellington Financial Inc ,EFC-PA,2020-11-09,2021-02-07
379,1411342,Ellington Financial Inc ,EFC-PB,2020-11-09,2021-02-07
380,1411342,Ellington Financial Inc ,EFC,2021-05-10,2021-08-08
381,1411342,Ellington Financial Inc ,EFC-PA,2021-05-10,2021-08-08
382,1411342,Ellington Financial Inc ,EFC-PB,2021-05-10,2021-08-08
383,1411342,Ellington Financial Inc ,EFC,2021-08-09,2021-11-07
384,1411342,Ellington Financial Inc ,EFC-PA,2021-08-09,2021-11-07
385,1411342,Ellington Financial Inc ,EFC-PB,2021-08-09,2021-11-07
386,1411342,Ellington Financial Inc ,EFC,2021-11-09,2022-02-07
387,1411342,Ellington Financial Inc ,EFC-PA,2021-11-09,2022-02-07
388,1411342,Ellington Financial Inc ,EFC-PB,2021-11-09,2022-02-07
389,1464423,PennyMac Mortgage Investment Trust,PMT,2017-05-09,2017-08-07
390,1464423,PennyMac Mortgage Investment Trust,PMT-PA,2017-05-09,2017-08-07
391,1464423,PennyMac Mortgage Investment Trust,PMT-PB,2017-05-09,2017-08-07
392,1464423,PennyMac Mortgage Investment Trust,PMT-PC,2017-05-09,2017-08-07
393,1464423,PennyMac Mortgage Investment Trust,PMT,2017-08-08,2017-11-06
394,1464423,PennyMac Mortgage Investment Trust,PMT-PA,2017-08-08,2017-11-06
395,1464423,PennyMac Mortgage Investment Trust,PMT-PB,2017-08-08,2017-11-06
396,1464423,PennyMac Mortgage Investment Trust,PMT-PC,2017-08-08,2017-11-06
397,1464423,PennyMac Mortgage Investment Trust,PMT,2017-11-08,2018-02-06
398,1464423,PennyMac Mortgage Investment Trust,PMT-PA,2017-11-08,2018-02-06
399,1464423,PennyMac Mortgage Investment Trust,PMT-PB,2017-11-08,2018-02-06
400,1464423,PennyMac Mortgage Investment Trust,PMT-PC,2017-11-08,2018-02-06
401,1464423,PennyMac Mortgage Investment Trust,PMT,2018-05-07,2018-08-05
402,1464423,PennyMac Mortgage Investment Trust,PMT-PA,2018-05-07,2018-08-05
403,1464423,PennyMac Mortgage Investment Trust,PMT-PB,2018-05-07,2018-08-05
404,1464423,PennyMac Mortgage Investment Trust,PMT-PC,2018-05-07,2018-08-05
405,1464423,PennyMac Mortgage Investment Trust,PMT,2018-08-07,2018-11-05
406,1464423,PennyMac Mortgage Investment Trust,PMT-PA,2018-08-07,2018-11-05
407,1464423,PennyMac Mortgage Investment Trust,PMT-PB,2018-08-07,2018-11-05
408,1464423,PennyMac Mortgage Investment Trust,PMT-PC,2018-08-07,2018-11-05
409,1464423,PennyMac Mortgage Investment Trust,PMT,2018-11-07,2019-02-05
410,1464423,PennyMac Mortgage Investment Trust,PMT-PA,2018-11-07,2019-02-05
411,1464423,PennyMac Mortgage Investment Trust,PMT-PB,2018-11-07,2019-02-05
412,1464423,PennyMac Mortgage Investment Trust,PMT-PC,2018-11-07,2019-02-05
413,1464423,PennyMac Mortgage Investment Trust,PMT,2019-05-03,2019-08-01
414,1464423,PennyMac Mortgage Investment Trust,PMT-PA,2019-05-03,2019-08-01
415,1464423,PennyMac Mortgage Investment Trust,PMT-PB,2019-05-03,2019-08-01
416,1464423,PennyMac Mortgage Investment Trust,PMT-PC,2019-05-03,2019-08-01
417,1464423,PennyMac Mortgage Investment Trust,PMT,2019-08-05,2019-11-03
418,1464423,PennyMac Mortgage Investment Trust,PMT-PA,2019-08-05,2019-11-03
419,1464423,PennyMac Mortgage Investment Trust,PMT-PB,2019-08-05,2019-11-03
420,1464423,PennyMac Mortgage Investment Trust,PMT-PC,2019-08-05,2019-11-03
421,1464423,PennyMac Mortgage Investment Trust,PMT,2019-11-01,2020-01-30
422,1464423,PennyMac Mortgage Investment Trust,PMT-PA,2019-11-01,2020-01-30
423,1464423,PennyMac Mortgage Investment Trust,PMT-PB,2019-11-01,2020-01-30
424,1464423,PennyMac Mortgage Investment Trust,PMT-PC,2019-11-01,2020-01-30
425,1464423,PennyMac Mortgage Investment Trust,PMT,2020-05-08,2020-08-06
426,1464423,PennyMac Mortgage Investment Trust,PMT-PA,2020-05-08,2020-08-06
427,1464423,PennyMac Mortgage Investment Trust,PMT-PB,2020-05-08,2020-08-06
428,1464423,PennyMac Mortgage Investment Trust,PMT-PC,2020-05-08,2020-08-06
429,1464423,PennyMac Mortgage Investment Trust,PMT,2020-08-07,2020-11-05
430,1464423,PennyMac Mortgage Investment Trust,PMT-PA,2020-08-07,2020-11-05
431,1464423,PennyMac Mortgage Investment Trust,PMT-PB,2020-08-07,2020-11-05
432,1464423,PennyMac Mortgage Investment Trust,PMT-PC,2020-08-07,2020-11-05
433,1464423,PennyMac Mortgage Investment Trust,PMT,2020-11-06,2021-02-04
434,1464423,PennyMac Mortgage Investment Trust,PMT-PA,2020-11-06,2021-02-04
435,1464423,PennyMac Mortgage Investment Trust,PMT-PB,2020-11-06,2021-02-04
436,1464423,PennyMac Mortgage Investment Trust,PMT-PC,2020-11-06,2021-02-04
437,1464423,PennyMac Mortgage Investment Trust,PMT,2021-05-07,2021-08-05
438,1464423,PennyMac Mortgage Investment Trust,PMT-PA,2021-05-07,2021-08-05
439,1464423,PennyMac Mortgage Investment Trust,PMT-PB,2021-05-07,2021-08-05
440,1464423,PennyMac Mortgage Investment Trust,PMT-PC,2021-05-07,2021-08-05
441,1464423,PennyMac Mortgage Investment Trust,PMT,2021-08-06,2021-11-04
442,1464423,PennyMac Mortgage Investment Trust,PMT-PA,2021-08-06,2021-11-04
443,1464423,PennyMac Mortgage Investment Trust,PMT-PB,2021-08-06,2021-11-04
444,1464423,PennyMac Mortgage Investment Trust,PMT-PC,2021-08-06,2021-11-04
445,1464423,PennyMac Mortgage Investment Trust,PMT,2021-11-05,2022-02-03
446,1464423,PennyMac Mortgage Investment Trust,PMT-PA,2021-11-05,2022-02-03
447,1464423,PennyMac Mortgage Investment Trust,PMT-PB,2021-11-05,2022-02-03
448,1464423,PennyMac Mortgage Investment Trust,PMT-PC,2021-11-05,2022-02-03
449,1469443,Arcadia Biosciences  Inc ,RKDA,2017-05-10,2017-08-08
450,1469443,Arcadia Biosciences  Inc ,RKDA,2017-08-10,2017-11-08
451,1469443,Arcadia Biosciences  Inc ,RKDA,2017-11-09,2018-02-07
452,1469443,Arcadia Biosciences  Inc ,RKDA,2018-05-09,2018-08-07
453,1469443,Arcadia Biosciences  Inc ,RKDA,2018-08-08,2018-11-06
454,1469443,Arcadia Biosciences  Inc ,RKDA,2018-11-07,2019-02-05
455,1469443,Arcadia Biosciences  Inc ,RKDA,2019-05-08,2019-08-06
456,1469443,Arcadia Biosciences  Inc ,RKDA,2019-08-14,2019-11-12
457,1469443,Arcadia Biosciences  Inc ,RKDA,2019-11-06,2020-02-04
458,1469443,Arcadia Biosciences  Inc ,RKDA,2020-05-13,2020-08-11
459,1469443,Arcadia Biosciences  Inc ,RKDA,2020-08-13,2020-11-11
460,1469443,Arcadia Biosciences  Inc ,RKDA,2020-11-13,2021-02-11
461,1469443,Arcadia Biosciences  Inc ,RKDA,2021-05-17,2021-08-15
462,1469443,Arcadia Biosciences  Inc ,RKDA,2021-08-16,2021-11-14
463,1469443,Arcadia Biosciences  Inc ,RKDA,2021-11-15,2022-02-13
464,1471824,Teucrium Commodity Trust,SOYB,2017-05-10,2017-08-08
465,1471824,Teucrium Commodity Trust,TAGS,2017-05-10,2017-08-08
466,1471824,Teucrium Commodity Trust,WEAT,2017-05-10,2017-08-08
467,1471824,Teucrium Commodity Trust,CANE,2017-05-10,2017-08-08
468,1471824,Teucrium Commodity Trust,CORN,2017-05-10,2017-08-08
469,1471824,Teucrium Commodity Trust,SOYB,2017-08-04,2017-11-02
470,1471824,Teucrium Commodity Trust,TAGS,2017-08-04,2017-11-02
471,1471824,Teucrium Commodity Trust,WEAT,2017-08-04,2017-11-02
472,1471824,Teucrium Commodity Trust,CANE,2017-08-04,2017-11-02
473,1471824,Teucrium Commodity Trust,CORN,2017-08-04,2017-11-02
474,1471824,Teucrium Commodity Trust,SOYB,2017-11-09,2018-02-07
475,1471824,Teucrium Commodity Trust,TAGS,2017-11-09,2018-02-07
476,1471824,Teucrium Commodity Trust,WEAT,2017-11-09,2018-02-07
477,1471824,Teucrium Commodity Trust,CANE,2017-11-09,2018-02-07
478,1471824,Teucrium Commodity Trust,CORN,2017-11-09,2018-02-07
479,1471824,Teucrium Commodity Trust,SOYB,2018-05-10,2018-08-08
480,1471824,Teucrium Commodity Trust,TAGS,2018-05-10,2018-08-08
481,1471824,Teucrium Commodity Trust,WEAT,2018-05-10,2018-08-08
482,1471824,Teucrium Commodity Trust,CANE,2018-05-10,2018-08-08
483,1471824,Teucrium Commodity Trust,CORN,2018-05-10,2018-08-08
484,1471824,Teucrium Commodity Trust,SOYB,2018-08-09,2018-11-07
485,1471824,Teucrium Commodity Trust,TAGS,2018-08-09,2018-11-07
486,1471824,Teucrium Commodity Trust,WEAT,2018-08-09,2018-11-07
487,1471824,Teucrium Commodity Trust,CANE,2018-08-09,2018-11-07
488,1471824,Teucrium Commodity Trust,CORN,2018-08-09,2018-11-07
489,1471824,Teucrium Commodity Trust,SOYB,2018-11-09,2019-02-07
490,1471824,Teucrium Commodity Trust,TAGS,2018-11-09,2019-02-07
491,1471824,Teucrium Commodity Trust,WEAT,2018-11-09,2019-02-07
492,1471824,Teucrium Commodity Trust,CANE,2018-11-09,2019-02-07
493,1471824,Teucrium Commodity Trust,CORN,2018-11-09,2019-02-07
494,1471824,Teucrium Commodity Trust,SOYB,2019-05-10,2019-08-08
495,1471824,Teucrium Commodity Trust,TAGS,2019-05-10,2019-08-08
496,1471824,Teucrium Commodity Trust,WEAT,2019-05-10,2019-08-08
497,1471824,Teucrium Commodity Trust,CANE,2019-05-10,2019-08-08
498,1471824,Teucrium Commodity Trust,CORN,2019-05-10,2019-08-08
499,1471824,Teucrium Commodity Trust,SOYB,2019-08-09,2019-11-07
500,1471824,Teucrium Commodity Trust,TAGS,2019-08-09,2019-11-07
501,1471824,Teucrium Commodity Trust,WEAT,2019-08-09,2019-11-07
502,1471824,Teucrium Commodity Trust,CANE,2019-08-09,2019-11-07
503,1471824,Teucrium Commodity Trust,CORN,2019-08-09,2019-11-07
504,1471824,Teucrium Commodity Trust,SOYB,2019-11-08,2020-02-06
505,1471824,Teucrium Commodity Trust,TAGS,2019-11-08,2020-02-06
506,1471824,Teucrium Commodity Trust,WEAT,2019-11-08,2020-02-06
507,1471824,Teucrium Commodity Trust,CANE,2019-11-08,2020-02-06
508,1471824,Teucrium Commodity Trust,CORN,2019-11-08,2020-02-06
509,1471824,Teucrium Commodity Trust,SOYB,2020-05-08,2020-08-06
510,1471824,Teucrium Commodity Trust,TAGS,2020-05-08,2020-08-06
511,1471824,Teucrium Commodity Trust,WEAT,2020-05-08,2020-08-06
512,1471824,Teucrium Commodity Trust,CANE,2020-05-08,2020-08-06
513,1471824,Teucrium Commodity Trust,CORN,2020-05-08,2020-08-06
514,1471824,Teucrium Commodity Trust,SOYB,2020-08-07,2020-11-05
515,1471824,Teucrium Commodity Trust,TAGS,2020-08-07,2020-11-05
516,1471824,Teucrium Commodity Trust,WEAT,2020-08-07,2020-11-05
517,1471824,Teucrium Commodity Trust,CANE,2020-08-07,2020-11-05
518,1471824,Teucrium Commodity Trust,CORN,2020-08-07,2020-11-05
519,1471824,Teucrium Commodity Trust,SOYB,2020-11-09,2021-02-07
520,1471824,Teucrium Commodity Trust,TAGS,2020-11-09,2021-02-07
521,1471824,Teucrium Commodity Trust,WEAT,2020-11-09,2021-02-07
522,1471824,Teucrium Commodity Trust,CANE,2020-11-09,2021-02-07
523,1471824,Teucrium Commodity Trust,CORN,2020-11-09,2021-02-07
524,1471824,Teucrium Commodity Trust,SOYB,2021-05-10,2021-08-08
525,1471824,Teucrium Commodity Trust,TAGS,2021-05-10,2021-08-08
526,1471824,Teucrium Commodity Trust,WEAT,2021-05-10,2021-08-08
527,1471824,Teucrium Commodity Trust,CANE,2021-05-10,2021-08-08
528,1471824,Teucrium Commodity Trust,CORN,2021-05-10,2021-08-08
529,1471824,Teucrium Commodity Trust,SOYB,2021-08-09,2021-11-07
530,1471824,Teucrium Commodity Trust,TAGS,2021-08-09,2021-11-07
531,1471824,Teucrium Commodity Trust,WEAT,2021-08-09,2021-11-07
532,1471824,Teucrium Commodity Trust,CANE,2021-08-09,2021-11-07
533,1471824,Teucrium Commodity Trust,CORN,2021-08-09,2021-11-07
534,1471824,Teucrium Commodity Trust,SOYB,2021-11-09,2022-02-07
535,1471824,Teucrium Commodity Trust,TAGS,2021-11-09,2022-02-07
536,1471824,Teucrium Commodity Trust,WEAT,2021-11-09,2022-02-07
537,1471824,Teucrium Commodity Trust,CANE,2021-11-09,2022-02-07
538,1471824,Teucrium Commodity Trust,CORN,2021-11-09,2022-02-07
539,1506492,Sunshine Heart  Inc ,NUWE,2017-05-12,2017-08-10
540,1506492,CHF Solutions  Inc ,NUWE,2017-08-10,2017-11-08
541,1506492,CHF Solutions  Inc ,NUWE,2017-11-02,2018-01-31
542,1506492,CHF Solutions  Inc ,NUWE,2018-05-10,2018-08-08
543,1506492,CHF Solutions  Inc ,NUWE,2018-08-09,2018-11-07
544,1506492,CHF Solutions  Inc ,NUWE,2018-11-07,2019-02-05
545,1506492,CHF Solutions  Inc ,NUWE,2019-05-09,2019-08-07
546,1506492,CHF Solutions  Inc ,NUWE,2019-08-08,2019-11-06
547,1506492,CHF Solutions  Inc ,NUWE,2019-11-08,2020-02-06
548,1506492,CHF Solutions  Inc ,NUWE,2020-05-14,2020-08-12
549,1506492,CHF Solutions  Inc ,NUWE,2020-08-05,2020-11-03
550,1506492,CHF Solutions  Inc ,NUWE,2020-11-12,2021-02-10
551,1506492,Nuwellis  Inc ,NUWE,2021-05-13,2021-08-11
552,1506492,Nuwellis  Inc ,NUWE,2021-08-12,2021-11-10
553,1506492,Nuwellis  Inc ,NUWE,2021-11-10,2022-02-08
554,1510247,LIFEAPPS BRANDS INC ,LFAP,2017-05-22,2017-08-20
555,1510247,LIFEAPPS BRANDS INC ,LFAP,2017-08-21,2017-11-19
556,1510247,LIFEAPPS BRANDS INC ,LFAP,2017-11-13,2018-02-11
557,1510247,LIFEAPPS BRANDS INC ,LFAP,2018-05-15,2018-08-13
558,1510247,LIFEAPPS BRANDS INC ,LFAP,2018-08-20,2018-11-18
559,1510247,LIFEAPPS BRANDS INC ,LFAP,2018-12-31,2019-03-31
560,1510247,LGBTQ Loyalty Holdings  Inc ,LFAP,2019-05-17,2019-08-15
561,1510247,LGBTQ Loyalty Holdings  Inc ,LFAP,2019-08-14,2019-11-12
562,1510247,LGBTQ Loyalty Holdings  Inc ,LFAP,2019-11-14,2020-02-12
563,1510247,LGBTQ Loyalty Holdings  Inc ,LFAP,2020-07-06,2020-10-04
564,1510247,LGBTQ Loyalty Holdings  Inc ,LFAP,2020-08-14,2020-11-12
565,1510247,LGBTQ Loyalty Holdings  Inc ,LFAP,2020-11-16,2021-02-14
566,1510247,LGBTQ Loyalty Holdings  Inc ,LFAP,2021-05-17,2021-08-15
567,1510247,LGBTQ Loyalty Holdings  Inc ,LFAP,2021-08-16,2021-11-14
568,1510247,LGBTQ Loyalty Holdings  Inc ,LFAP,2021-11-12,2022-02-10
569,1514743,IF Bancorp  Inc ,IROQ,2017-02-09,2017-05-10
570,1514743,IF Bancorp  Inc ,IROQ,2017-05-11,2017-08-09
571,1514743,IF Bancorp  Inc ,IROQ,2017-11-09,2018-02-07
572,1514743,IF Bancorp  Inc ,IROQ,2018-02-09,2018-05-10
573,1514743,IF Bancorp  Inc ,IROQ,2018-05-10,2018-08-08
574,1514743,IF Bancorp  Inc ,IROQ,2018-11-09,2019-02-07
575,1514743,IF Bancorp  Inc ,IROQ,2019-02-12,2019-05-13
576,1514743,IF Bancorp  Inc ,IROQ,2019-05-09,2019-08-07
577,1514743,IF Bancorp  Inc ,IROQ,2019-11-12,2020-02-10
578,1514743,IF Bancorp  Inc ,IROQ,2020-02-07,2020-05-07
579,1514743,IF Bancorp  Inc ,IROQ,2020-05-12,2020-08-10
580,1514743,IF Bancorp  Inc ,IROQ,2020-11-12,2021-02-10
581,1514743,IF Bancorp  Inc ,IROQ,2021-02-11,2021-05-12
582,1514743,IF Bancorp  Inc ,IROQ,2021-05-12,2021-08-10
583,1514743,IF Bancorp  Inc ,IROQ,2021-11-10,2022-02-08
584,1530185,ATVROCKN,ATVK,2017-02-10,2017-05-11
585,1530185,ATVROCKN,ATVK,2017-02-10,2017-05-11
586,1530185,ATVROCKN,ATVK,2017-02-10,2017-05-11
587,1530185,ATVROCKN,ATVK,2017-04-24,2017-07-23
588,1530185,AMERITEK VENTURES,ATVK,2017-10-24,2018-01-22
589,1530185,AMERITEK VENTURES,ATVK,2018-01-22,2018-04-22
590,1530185,AMERITEK VENTURES,ATVK,2018-04-16,2018-07-15
591,1530185,AMERITEK VENTURES,ATVK,2018-10-22,2019-01-20
592,1530185,AMERITEK VENTURES,ATVK,2019-01-25,2019-04-25
593,1530185,AMERITEK VENTURES,ATVK,2019-05-14,2019-08-12
594,1591670,Farmland Partners Inc ,FPI,2017-05-10,2017-08-08
595,1591670,Farmland Partners Inc ,FPI,2017-07-21,2017-10-19
596,1591670,Farmland Partners Inc ,FPI,2017-11-09,2018-02-07
597,1591670,Farmland Partners Inc ,FPI,2018-05-10,2018-08-08
598,1591670,Farmland Partners Inc ,FPI,2018-08-09,2018-11-07
599,1591670,Farmland Partners Inc ,FPI,2018-11-09,2019-02-07
600,1591670,Farmland Partners Inc ,FPI,2019-05-09,2019-08-07
601,1591670,Farmland Partners Inc ,FPI,2019-08-08,2019-11-06
602,1591670,Farmland Partners Inc ,FPI,2019-11-12,2020-02-10
603,1591670,Farmland Partners Inc ,FPI,2020-05-08,2020-08-06
604,1591670,Farmland Partners Inc ,FPI,2020-08-10,2020-11-08
605,1591670,Farmland Partners Inc ,FPI,2020-11-09,2021-02-07
606,1591670,Farmland Partners Inc ,FPI,2021-05-14,2021-08-12
607,1591670,Farmland Partners Inc ,FPI,2021-08-06,2021-11-04
608,1591670,Farmland Partners Inc ,FPI,2021-10-28,2022-01-26
609,1593538,NAVIENT CORP,NAVI,2017-04-27,2017-07-26
610,1593538,NAVIENT CORP,JSM,2017-04-27,2017-07-26
611,1593538,NAVIENT CORP,NAVI,2017-08-01,2017-10-30
612,1593538,NAVIENT CORP,JSM,2017-08-01,2017-10-30
613,1593538,NAVIENT CORP,NAVI,2017-10-27,2018-01-25
614,1593538,NAVIENT CORP,JSM,2017-10-27,2018-01-25
615,1593538,NAVIENT CORP,NAVI,2018-05-03,2018-08-01
616,1593538,NAVIENT CORP,JSM,2018-05-03,2018-08-01
617,1593538,NAVIENT CORP,NAVI,2018-08-03,2018-11-01
618,1593538,NAVIENT CORP,JSM,2018-08-03,2018-11-01
619,1593538,NAVIENT CORP,NAVI,2018-11-02,2019-01-31
620,1593538,NAVIENT CORP,JSM,2018-11-02,2019-01-31
621,1593538,NAVIENT CORP,NAVI,2019-05-03,2019-08-01
622,1593538,NAVIENT CORP,JSM,2019-05-03,2019-08-01
623,1593538,NAVIENT CORP,NAVI,2019-08-02,2019-10-31
624,1593538,NAVIENT CORP,JSM,2019-08-02,2019-10-31
625,1593538,NAVIENT CORP,NAVI,2019-11-01,2020-01-30
626,1593538,NAVIENT CORP,JSM,2019-11-01,2020-01-30
627,1593538,NAVIENT CORP,NAVI,2020-05-01,2020-07-30
628,1593538,NAVIENT CORP,JSM,2020-05-01,2020-07-30
629,1593538,NAVIENT CORP,NAVI,2020-08-05,2020-11-03
630,1593538,NAVIENT CORP,JSM,2020-08-05,2020-11-03
631,1593538,NAVIENT CORP,NAVI,2020-10-30,2021-01-28
632,1593538,NAVIENT CORP,JSM,2020-10-30,2021-01-28
633,1593538,NAVIENT CORP,NAVI,2021-04-28,2021-07-27
634,1593538,NAVIENT CORP,JSM,2021-04-28,2021-07-27
635,1593538,NAVIENT CORP,NAVI,2021-07-28,2021-10-26
636,1593538,NAVIENT CORP,JSM,2021-07-28,2021-10-26
637,1593538,NAVIENT CORP,NAVI,2021-10-27,2022-01-25
638,1593538,NAVIENT CORP,JSM,2021-10-27,2022-01-25
639,1600438,GMS Inc ,GMS,2017-03-09,2017-06-07
640,1600438,GMS Inc ,GMS,2017-09-06,2017-12-05
641,1600438,GMS Inc ,GMS,2017-12-07,2018-03-07
642,1600438,GMS Inc ,GMS,2018-03-06,2018-06-04
643,1600438,GMS Inc ,GMS,2018-08-30,2018-11-28
644,1600438,GMS Inc ,GMS,2018-12-04,2019-03-04
645,1600438,GMS Inc ,GMS,2019-03-05,2019-06-03
646,1600438,GMS Inc ,GMS,2019-08-29,2019-11-27
647,1600438,GMS Inc ,GMS,2019-12-05,2020-03-04
648,1600438,GMS Inc ,GMS,2020-03-05,2020-06-03
649,1600438,GMS Inc ,GMS,2020-09-03,2020-12-02
650,1600438,GMS Inc ,GMS,2020-12-03,2021-03-03
651,1600438,GMS Inc ,GMS,2021-03-04,2021-06-02
652,1600438,GMS Inc ,GMS,2021-09-02,2021-12-01
653,1600438,GMS Inc ,GMS,2021-12-02,2022-03-02
654,1622231,Emerald Data Inc,BTIM,2017-01-17,2017-04-17
655,1622231,Emerald Data Inc,BTIM,2017-03-22,2017-06-20
656,1622231,Emerald Data Inc,BTIM,2017-06-26,2017-09-24
657,1622231,Emerald Data Inc,BTIM,2018-01-16,2018-04-16
658,1622231,Emerald Data Inc,BTIM,2019-06-06,2019-09-04
659,1622231,Emerald Data Inc,BTIM,2019-06-06,2019-09-04
660,1622231,Emerald Data Inc,BTIM,2019-08-06,2019-11-04
661,1622231,Emerald Data Inc,BTIM,2019-09-11,2019-12-10
662,1622231,BOATIM INC ,BTIM,2019-10-02,2019-12-31
663,1622231,BOATIM INC ,BTIM,2020-02-07,2020-05-07
664,1622231,BOATIM INC ,BTIM,2020-04-13,2020-07-12
665,1622231,BOATIM INC ,BTIM,2020-07-16,2020-10-14
666,1622231,BOATIM INC ,BTIM,2021-01-13,2021-04-13
667,1622231,BOATIM INC ,BTIM,2021-04-19,2021-07-18
668,1622231,BOATIM INC ,BTIM,2021-07-19,2021-10-17
669,1627611,Devago  Inc ,RETC,2017-06-01,2017-08-30
670,1627611,12 Retech Corp,RETC,2017-07-21,2017-10-19
671,1627611,12 Retech Corp,RETC,2017-11-14,2018-02-12
672,1627611,12 Retech Corp,RETC,2018-05-14,2018-08-12
673,1627611,12 Retech Corp,RETC,2018-08-20,2018-11-18
674,1627611,12 Retech Corp,RETC,2018-11-19,2019-02-17
675,1627611,12 Retech Corp,RETC,2019-05-20,2019-08-18
676,1627611,12 Retech Corp,RETC,2019-08-19,2019-11-17
677,1627611,12 Retech Corp,RETC,2019-11-19,2020-02-17
678,1627611,12 Retech Corp,RETC,2021-06-29,2021-09-27
679,1627611,12 Retech Corp,RETC,2021-06-29,2021-09-27
680,1627611,12 Retech Corp,RETC,2021-06-29,2021-09-27
681,1627611,12 Retech Corp,RETC,2021-06-29,2021-09-27
682,1627611,12 Retech Corp,RETC,2021-08-13,2021-11-11
683,1627611,12 Retech Corp,RETC,2021-11-19,2022-02-17
684,1674227,Alliance MMA  Inc ,WORX,2017-05-15,2017-08-13
685,1674227,Alliance MMA  Inc ,WORX,2017-08-14,2017-11-12
686,1674227,Alliance MMA  Inc ,WORX,2017-11-14,2018-02-12
687,1674227,Alliance MMA  Inc ,WORX,2018-05-15,2018-08-13
688,1674227,Alliance MMA  Inc ,WORX,2018-09-05,2018-12-04
689,1674227,Alliance MMA  Inc ,WORX,2018-11-16,2019-02-14
690,1674227,SCWorx Corp ,WORX,2019-05-23,2019-08-21
691,1674227,SCWorx Corp ,WORX,2019-08-14,2019-11-12
692,1674227,SCWorx Corp ,WORX,2019-11-14,2020-02-12
693,1674227,SCWorx Corp ,WORX,2020-07-01,2020-09-29
694,1674227,SCWorx Corp ,WORX,2020-08-14,2020-11-12
695,1674227,SCWorx Corp ,WORX,2020-11-16,2021-02-14
696,1674227,SCWorx Corp ,WORX,2021-05-24,2021-08-22
697,1674227,SCWorx Corp ,WORX,2021-08-16,2021-11-14
698,1674227,SCWorx Corp ,WORX,2021-11-15,2022-02-13
699,1718108,Surface Oncology  Inc ,SURF,2018-05-29,2018-08-27
700,1718108,Surface Oncology  Inc ,SURF,2018-08-14,2018-11-12
701,1718108,Surface Oncology  Inc ,SURF,2018-11-13,2019-02-11
702,1718108,Surface Oncology  Inc ,SURF,2019-05-09,2019-08-07
703,1718108,Surface Oncology  Inc ,SURF,2019-08-07,2019-11-05
704,1718108,Surface Oncology  Inc ,SURF,2019-11-12,2020-02-10
705,1718108,Surface Oncology  Inc ,SURF,2020-05-12,2020-08-10
706,1718108,Surface Oncology  Inc ,SURF,2020-08-11,2020-11-09
707,1718108,Surface Oncology  Inc ,SURF,2020-11-10,2021-02-08
708,1718108,Surface Oncology  Inc ,SURF,2021-05-05,2021-08-03
709,1718108,Surface Oncology  Inc ,SURF,2021-08-05,2021-11-03
710,1718108,Surface Oncology  Inc ,SURF,2021-11-04,2022-02-02
711,1780097,Baudax Bio  Inc ,BXRX,2019-11-14,2020-02-12
712,1780097,Baudax Bio  Inc ,BXRX,2020-05-08,2020-08-06
713,1780097,Baudax Bio  Inc ,BXRX,2020-08-10,2020-11-08
714,1780097,Baudax Bio  Inc ,BXRX,2020-11-09,2021-02-07
715,1780097,Baudax Bio  Inc ,BXRX,2021-05-05,2021-08-03
716,1780097,Baudax Bio  Inc ,BXRX,2021-08-05,2021-11-03
717,1780097,Baudax Bio  Inc ,BXRX,2021-11-04,2022-02-02
718,1799011,Lucid Diagnostics Inc ,LUCD,2021-11-23,2022-02-21
719,1811414,Kensington Capital Acquisition Corp ,QS,2020-08-06,2020-11-04
720,1811414,Kensington Capital Acquisition Corp ,QS,2020-11-16,2021-02-14
721,1811414,QuantumScape Corp,QS,2021-05-17,2021-08-15
722,1811414,QuantumScape Corp,QS,2021-07-29,2021-10-27
723,1811414,QuantumScape Corp,QS,2021-10-28,2022-01-26
724,1812173,D8 Holdings Corp ,RBOT,2020-08-28,2020-11-26
725,1812173,D8 Holdings Corp ,RBOT-WT,2020-08-28,2020-11-26
726,1812173,D8 Holdings Corp ,RBOT,2020-11-13,2021-02-11
727,1812173,D8 Holdings Corp ,RBOT-WT,2020-11-13,2021-02-11
728,1812173,D8 Holdings Corp ,RBOT,2021-05-24,2021-08-22
729,1812173,D8 Holdings Corp ,RBOT-WT,2021-05-24,2021-08-22
730,1812173,D8 Holdings Corp ,RBOT,2021-08-12,2021-11-10
731,1812173,D8 Holdings Corp ,RBOT-WT,2021-08-12,2021-11-10
732,1812173,Vicarious Surgical Inc ,RBOT,2021-11-08,2022-02-06
733,1812173,Vicarious Surgical Inc ,RBOT-WT,2021-11-08,2022-02-06
734,1817229,Vor Biopharma Inc ,VOR,2021-05-06,2021-08-04
735,1817229,Vor Biopharma Inc ,VOR,2021-08-09,2021-11-07
736,1817229,Vor Biopharma Inc ,VOR,2021-11-10,2022-02-08
737,1817786,Recharge Acquisition Corp ,RCHG,2020-11-13,2021-02-11
738,1817786,Recharge Acquisition Corp ,RCHGU,2020-11-13,2021-02-11
739,1817786,Recharge Acquisition Corp ,RCHGW,2020-11-13,2021-02-11
740,1817786,Recharge Acquisition Corp ,RCHG,2021-07-13,2021-10-11
741,1817786,Recharge Acquisition Corp ,RCHGU,2021-07-13,2021-10-11
742,1817786,Recharge Acquisition Corp ,RCHGW,2021-07-13,2021-10-11
743,1817786,Recharge Acquisition Corp ,RCHG,2021-08-13,2021-11-11
744,1817786,Recharge Acquisition Corp ,RCHGU,2021-08-13,2021-11-11
745,1817786,Recharge Acquisition Corp ,RCHGW,2021-08-13,2021-11-11
746,1817786,Recharge Acquisition Corp ,RCHG,2021-11-16,2022-02-14
747,1817786,Recharge Acquisition Corp ,RCHGU,2021-11-16,2022-02-14
748,1817786,Recharge Acquisition Corp ,RCHGW,2021-11-16,2022-02-14
749,1818787,Primavera Capital Acquisition Corp ,PV,2021-06-16,2021-09-14
750,1818787,Primavera Capital Acquisition Corp ,PV-UN,2021-06-16,2021-09-14
751,1818787,Primavera Capital Acquisition Corp ,PV-WT,2021-06-16,2021-09-14
752,1818787,Primavera Capital Acquisition Corp ,PV,2021-08-16,2021-11-14
753,1818787,Primavera Capital Acquisition Corp ,PV-UN,2021-08-16,2021-11-14
754,1818787,Primavera Capital Acquisition Corp ,PV-WT,2021-08-16,2021-11-14
755,1818787,Primavera Capital Acquisition Corp ,PV,2021-11-15,2022-02-13
756,1818787,Primavera Capital Acquisition Corp ,PV-UN,2021-11-15,2022-02-13
757,1818787,Primavera Capital Acquisition Corp ,PV-WT,2021-11-15,2022-02-13
758,1822873,Lefteris Acquisition Corp ,LFTRU,2020-12-04,2021-03-04
759,1822873,Lefteris Acquisition Corp ,LFTR,2020-12-04,2021-03-04
760,1822873,Lefteris Acquisition Corp ,LFTRW,2020-12-04,2021-03-04
761,1822873,Lefteris Acquisition Corp ,LFTRU,2021-07-15,2021-10-13
762,1822873,Lefteris Acquisition Corp ,LFTR,2021-07-15,2021-10-13
763,1822873,Lefteris Acquisition Corp ,LFTRW,2021-07-15,2021-10-13
764,1822873,Lefteris Acquisition Corp ,LFTRU,2021-08-16,2021-11-14
765,1822873,Lefteris Acquisition Corp ,LFTR,2021-08-16,2021-11-14
766,1822873,Lefteris Acquisition Corp ,LFTRW,2021-08-16,2021-11-14
767,1822873,Lefteris Acquisition Corp ,LFTRU,2021-11-15,2022-02-13
768,1822873,Lefteris Acquisition Corp ,LFTR,2021-11-15,2022-02-13
769,1822873,Lefteris Acquisition Corp ,LFTRW,2021-11-15,2022-02-13
770,1831915,Cytek Biosciences  Inc ,CTKB,2021-09-03,2021-12-02
771,1831915,Cytek Biosciences  Inc ,CTKB,2021-11-12,2022-02-10
772,1835817,Northern Star Investment Corp  III,NSTC,2021-04-20,2021-07-19
773,1835817,Northern Star Investment Corp  III,NSTC-UN,2021-04-20,2021-07-19
774,1835817,Northern Star Investment Corp  III,NSTC-WT,2021-04-20,2021-07-19
775,1835817,Northern Star Investment Corp  III,NSTC,2021-06-04,2021-09-02
776,1835817,Northern Star Investment Corp  III,NSTC-UN,2021-06-04,2021-09-02
777,1835817,Northern Star Investment Corp  III,NSTC-WT,2021-06-04,2021-09-02
778,1835817,Northern Star Investment Corp  III,NSTC,2021-08-16,2021-11-14
779,1835817,Northern Star Investment Corp  III,NSTC-UN,2021-08-16,2021-11-14
780,1835817,Northern Star Investment Corp  III,NSTC-WT,2021-08-16,2021-11-14
781,1842916,Forum Merger IV Corp,FMIV,2021-06-07,2021-09-05
782,1842916,Forum Merger IV Corp,FMIVU,2021-06-07,2021-09-05
783,1842916,Forum Merger IV Corp,FMIVW,2021-06-07,2021-09-05
784,1842916,Forum Merger IV Corp,FMIV,2021-08-12,2021-11-10
785,1842916,Forum Merger IV Corp,FMIVU,2021-08-12,2021-11-10
786,1842916,Forum Merger IV Corp,FMIVW,2021-08-12,2021-11-10
787,1842916,Forum Merger IV Corp,FMIV,2021-11-12,2022-02-10
788,1842916,Forum Merger IV Corp,FMIVU,2021-11-12,2022-02-10
789,1842916,Forum Merger IV Corp,FMIVW,2021-11-12,2022-02-10
790,1847846,8i Acquisition 2 Corp ,LAX,2021-12-22,2022-03-22
791,1847846,8i Acquisition 2 Corp ,LAXXR,2021-12-22,2022-03-22
792,1847846,8i Acquisition 2 Corp ,LAXXU,2021-12-22,2022-03-22
793,1847846,8i Acquisition 2 Corp ,LAXXW,2021-12-22,2022-03-22
794,1855886,Arbor Rapha Capital Bioholdings Corp  I,ARCK,2021-12-09,2022-03-09
795,1855886,Arbor Rapha Capital Bioholdings Corp  I,ARCKU,2021-12-09,2022-03-09
796,1855886,Arbor Rapha Capital Bioholdings Corp  I,ARCKW,2021-12-09,2022-03-09
797,1863460,PHP Ventures Acquisition Corp ,PPHP,2021-09-16,2021-12-15
798,1863460,PHP Ventures Acquisition Corp ,PPHPR,2021-09-16,2021-12-15
799,1863460,PHP Ventures Acquisition Corp ,PPHPU,2021-09-16,2021-12-15
800,1863460,PHP Ventures Acquisition Corp ,PPHPW,2021-09-16,2021-12-15
801,1863460,PHP Ventures Acquisition Corp ,PPHP,2021-11-02,2022-01-31
802,1863460,PHP Ventures Acquisition Corp ,PPHPR,2021-11-02,2022-01-31
803,1863460,PHP Ventures Acquisition Corp ,PPHPU,2021-11-02,2022-01-31
804,1863460,PHP Ventures Acquisition Corp ,PPHPW,2021-11-02,2022-01-31
805,1869824,Seaport Global Acquisition II Corp ,SGII,2021-12-23,2022-03-23
806,1869824,Seaport Global Acquisition II Corp ,SGIIU,2021-12-23,2022-03-23
807,1869824,Seaport Global Acquisition II Corp ,SGIIW,2021-12-23,2022-03-23
808,1875444,Arhaus  Inc ,ARHS,2021-12-09,2022-03-09
809,23795,CONSOLIDATED TOMOKA LAND CO,CTO,2017-05-09,2017-08-07
810,23795,CONSOLIDATED TOMOKA LAND CO,CTO-PA,2017-05-09,2017-08-07
811,23795,CONSOLIDATED TOMOKA LAND CO,CTO,2017-08-09,2017-11-07
812,23795,CONSOLIDATED TOMOKA LAND CO,CTO-PA,2017-08-09,2017-11-07
813,23795,CONSOLIDATED TOMOKA LAND CO,CTO,2017-10-30,2018-01-28
814,23795,CONSOLIDATED TOMOKA LAND CO,CTO-PA,2017-10-30,2018-01-28
815,23795,CONSOLIDATED TOMOKA LAND CO,CTO,2018-05-01,2018-07-30
816,23795,CONSOLIDATED TOMOKA LAND CO,CTO-PA,2018-05-01,2018-07-30
817,23795,CONSOLIDATED TOMOKA LAND CO,CTO,2018-08-01,2018-10-30
818,23795,CONSOLIDATED TOMOKA LAND CO,CTO-PA,2018-08-01,2018-10-30
819,23795,CONSOLIDATED TOMOKA LAND CO,CTO,2018-10-26,2019-01-24
820,23795,CONSOLIDATED TOMOKA LAND CO,CTO-PA,2018-10-26,2019-01-24
821,23795,CONSOLIDATED TOMOKA LAND CO,CTO,2019-04-30,2019-07-29
822,23795,CONSOLIDATED TOMOKA LAND CO,CTO-PA,2019-04-30,2019-07-29
823,23795,CONSOLIDATED TOMOKA LAND CO,CTO,2019-07-31,2019-10-29
824,23795,CONSOLIDATED TOMOKA LAND CO,CTO-PA,2019-07-31,2019-10-29
825,23795,CONSOLIDATED TOMOKA LAND CO,CTO,2019-10-23,2020-01-21
826,23795,CONSOLIDATED TOMOKA LAND CO,CTO-PA,2019-10-23,2020-01-21
827,23795,CTO Realty Growth Inc ,CTO,2020-05-11,2020-08-09
828,23795,CTO Realty Growth Inc ,CTO-PA,2020-05-11,2020-08-09
829,23795,CTO Realty Growth  Inc ,CTO,2020-08-07,2020-11-05
830,23795,CTO Realty Growth  Inc ,CTO-PA,2020-08-07,2020-11-05
831,23795,CTO Realty Growth  Inc ,CTO,2020-11-06,2021-02-04
832,23795,CTO Realty Growth  Inc ,CTO-PA,2020-11-06,2021-02-04
833,23795,CTO Realty Growth  Inc ,CTO,2021-04-29,2021-07-28
834,23795,CTO Realty Growth  Inc ,CTO-PA,2021-04-29,2021-07-28
835,23795,CTO Realty Growth  Inc ,CTO,2021-07-29,2021-10-27
836,23795,CTO Realty Growth  Inc ,CTO-PA,2021-07-29,2021-10-27
837,23795,CTO Realty Growth  Inc ,CTO,2021-10-28,2022-01-26
838,23795,CTO Realty Growth  Inc ,CTO-PA,2021-10-28,2022-01-26
839,277948,CSX CORP,CSX,2017-04-20,2017-07-19
840,277948,CSX CORP,CSX,2017-07-19,2017-10-17
841,277948,CSX CORP,CSX,2017-10-18,2018-01-16
842,277948,CSX CORP,CSX,2018-04-18,2018-07-17
843,277948,CSX CORP,CSX,2018-07-18,2018-10-16
844,277948,CSX CORP,CSX,2018-10-17,2019-01-15
845,277948,CSX CORP,CSX,2019-04-17,2019-07-16
846,277948,CSX CORP,CSX,2019-07-17,2019-10-15
847,277948,CSX CORP,CSX,2019-10-17,2020-01-15
848,277948,CSX CORP,CSX,2020-04-23,2020-07-22
849,277948,CSX CORP,CSX,2020-07-23,2020-10-21
850,277948,CSX CORP,CSX,2020-10-22,2021-01-20
851,277948,CSX CORP,CSX,2021-04-21,2021-07-20
852,277948,CSX CORP,CSX,2021-07-22,2021-10-20
853,277948,CSX CORP,CSX,2021-10-21,2022-01-19
854,314808,Ensco plc,VAL,2017-04-27,2017-07-26
855,314808,Ensco plc,VAL-WT,2017-04-27,2017-07-26
856,314808,Ensco plc,VAL,2017-07-27,2017-10-25
857,314808,Ensco plc,VAL-WT,2017-07-27,2017-10-25
858,314808,Ensco plc,VAL,2017-10-26,2018-01-24
859,314808,Ensco plc,VAL-WT,2017-10-26,2018-01-24
860,314808,Ensco plc,VAL,2018-04-26,2018-07-25
861,314808,Ensco plc,VAL-WT,2018-04-26,2018-07-25
862,314808,Ensco plc,VAL,2018-07-26,2018-10-24
863,314808,Ensco plc,VAL-WT,2018-07-26,2018-10-24
864,314808,Ensco plc,VAL,2018-10-30,2019-01-28
865,314808,Ensco plc,VAL-WT,2018-10-30,2019-01-28
866,314808,Ensco Rowan plc,VAL,2019-05-02,2019-07-31
867,314808,Ensco Rowan plc,VAL-WT,2019-05-02,2019-07-31
868,314808,Ensco Rowan plc,VAL,2019-08-01,2019-10-30
869,314808,Ensco Rowan plc,VAL-WT,2019-08-01,2019-10-30
870,314808,Valaris plc,VAL,2019-10-31,2020-01-29
871,314808,Valaris plc,VAL-WT,2019-10-31,2020-01-29
872,314808,Valaris plc,VAL,2020-04-30,2020-07-29
873,314808,Valaris plc,VAL-WT,2020-04-30,2020-07-29
874,314808,Valaris plc,VAL,2020-07-30,2020-10-28
875,314808,Valaris plc,VAL-WT,2020-07-30,2020-10-28
876,314808,Valaris plc,VAL,2020-10-29,2021-01-27
877,314808,Valaris plc,VAL-WT,2020-10-29,2021-01-27
878,314808,Valaris plc,VAL,2021-04-28,2021-07-27
879,314808,Valaris plc,VAL-WT,2021-04-28,2021-07-27
880,314808,Valaris Ltd,VAL,2021-08-03,2021-11-01
881,314808,Valaris Ltd,VAL-WT,2021-08-03,2021-11-01
882,314808,Valaris Ltd,VAL,2021-11-02,2022-01-31
883,314808,Valaris Ltd,VAL-WT,2021-11-02,2022-01-31
884,354647,CVB FINANCIAL CORP,CVBF,2017-05-10,2017-08-08
885,354647,CVB FINANCIAL CORP,CVBF,2017-08-09,2017-11-07
886,354647,CVB FINANCIAL CORP,CVBF,2017-11-09,2018-02-07
887,354647,CVB FINANCIAL CORP,CVBF,2018-05-10,2018-08-08
888,354647,CVB FINANCIAL CORP,CVBF,2018-08-09,2018-11-07
889,354647,CVB FINANCIAL CORP,CVBF,2018-11-09,2019-02-07
890,354647,CVB FINANCIAL CORP,CVBF,2019-05-10,2019-08-08
891,354647,CVB FINANCIAL CORP,CVBF,2019-08-09,2019-11-07
892,354647,CVB FINANCIAL CORP,CVBF,2019-11-12,2020-02-10
893,354647,CVB FINANCIAL CORP,CVBF,2020-05-11,2020-08-09
894,354647,CVB FINANCIAL CORP,CVBF,2020-08-10,2020-11-08
895,354647,CVB FINANCIAL CORP,CVBF,2020-11-06,2021-02-04
896,354647,CVB FINANCIAL CORP,CVBF,2021-05-10,2021-08-08
897,354647,CVB FINANCIAL CORP,CVBF,2021-08-09,2021-11-07
898,354647,CVB FINANCIAL CORP,CVBF,2021-11-09,2022-02-07
899,4281,Arconic Inc ,HWM,2017-05-02,2017-07-31
900,4281,Arconic Inc ,HWM-P,2017-05-02,2017-07-31
901,4281,Arconic Inc ,HWM,2017-08-02,2017-10-31
902,4281,Arconic Inc ,HWM-P,2017-08-02,2017-10-31
903,4281,Arconic Inc ,HWM,2017-11-06,2018-02-04
904,4281,Arconic Inc ,HWM-P,2017-11-06,2018-02-04
905,4281,Arconic Inc ,HWM,2018-05-01,2018-07-30
906,4281,Arconic Inc ,HWM-P,2018-05-01,2018-07-30
907,4281,Arconic Inc ,HWM,2018-08-02,2018-10-31
908,4281,Arconic Inc ,HWM-P,2018-08-02,2018-10-31
909,4281,Arconic Inc ,HWM,2018-11-01,2019-01-30
910,4281,Arconic Inc ,HWM-P,2018-11-01,2019-01-30
911,4281,Arconic Inc ,HWM,2019-05-01,2019-07-30
912,4281,Arconic Inc ,HWM-P,2019-05-01,2019-07-30
913,4281,Arconic Inc ,HWM,2019-08-02,2019-10-31
914,4281,Arconic Inc ,HWM-P,2019-08-02,2019-10-31
915,4281,Arconic Inc ,HWM,2019-11-05,2020-02-03
916,4281,Arconic Inc ,HWM-P,2019-11-05,2020-02-03
917,4281,Howmet Aerospace Inc ,HWM,2020-05-07,2020-08-05
918,4281,Howmet Aerospace Inc ,HWM-P,2020-05-07,2020-08-05
919,4281,Howmet Aerospace Inc ,HWM,2020-08-07,2020-11-05
920,4281,Howmet Aerospace Inc ,HWM-P,2020-08-07,2020-11-05
921,4281,Howmet Aerospace Inc ,HWM,2020-11-09,2021-02-07
922,4281,Howmet Aerospace Inc ,HWM-P,2020-11-09,2021-02-07
923,4281,Howmet Aerospace Inc ,HWM,2021-05-06,2021-08-04
924,4281,Howmet Aerospace Inc ,HWM-P,2021-05-06,2021-08-04
925,4281,Howmet Aerospace Inc ,HWM,2021-08-04,2021-11-02
926,4281,Howmet Aerospace Inc ,HWM-P,2021-08-04,2021-11-02
927,4281,Howmet Aerospace Inc ,HWM,2021-11-04,2022-02-02
928,4281,Howmet Aerospace Inc ,HWM-P,2021-11-04,2022-02-02
929,70502,NATIONAL RURAL UTILITIES COOPERATIVE FINANCE CORP  DC ,NRUC,2017-01-13,2017-04-13
930,70502,NATIONAL RURAL UTILITIES COOPERATIVE FINANCE CORP  DC ,NRUC,2017-04-05,2017-07-04
931,70502,NATIONAL RURAL UTILITIES COOPERATIVE FINANCE CORP  DC ,NRUC,2017-10-10,2018-01-08
932,70502,NATIONAL RURAL UTILITIES COOPERATIVE FINANCE CORP  DC ,NRUC,2018-01-11,2018-04-11
933,70502,NATIONAL RURAL UTILITIES COOPERATIVE FINANCE CORP  DC ,NRUC,2018-04-11,2018-07-10
934,70502,NATIONAL RURAL UTILITIES COOPERATIVE FINANCE CORP  DC ,NRUC,2018-10-10,2019-01-08
935,70502,NATIONAL RURAL UTILITIES COOPERATIVE FINANCE CORP  DC ,NRUC,2019-01-11,2019-04-11
936,70502,NATIONAL RURAL UTILITIES COOPERATIVE FINANCE CORP  DC ,NRUC,2019-04-11,2019-07-10
937,70502,NATIONAL RURAL UTILITIES COOPERATIVE FINANCE CORP  DC ,NRUC,2019-10-10,2020-01-08
938,70502,NATIONAL RURAL UTILITIES COOPERATIVE FINANCE CORP  DC ,NRUC,2020-01-13,2020-04-12
939,70502,NATIONAL RURAL UTILITIES COOPERATIVE FINANCE CORP  DC ,NRUC,2020-04-10,2020-07-09
940,70502,NATIONAL RURAL UTILITIES COOPERATIVE FINANCE CORP  DC ,NRUC,2020-10-15,2021-01-13
941,70502,NATIONAL RURAL UTILITIES COOPERATIVE FINANCE CORP  DC ,NRUC,2021-01-12,2021-04-12
942,70502,NATIONAL RURAL UTILITIES COOPERATIVE FINANCE CORP  DC ,NRUC,2021-04-13,2021-07-12
943,70502,NATIONAL RURAL UTILITIES COOPERATIVE FINANCE CORP  DC ,NRUC,2021-10-12,2022-01-10
944,832489,GeoVax Labs  Inc ,GOVX,2017-05-12,2017-08-10
945,832489,GeoVax Labs  Inc ,GOVXW,2017-05-12,2017-08-10
946,832489,GeoVax Labs  Inc ,GOVX,2017-08-14,2017-11-12
947,832489,GeoVax Labs  Inc ,GOVXW,2017-08-14,2017-11-12
948,832489,GeoVax Labs  Inc ,GOVX,2017-11-09,2018-02-07
949,832489,GeoVax Labs  Inc ,GOVXW,2017-11-09,2018-02-07
950,832489,GeoVax Labs  Inc ,GOVX,2018-05-03,2018-08-01
951,832489,GeoVax Labs  Inc ,GOVXW,2018-05-03,2018-08-01
952,832489,GeoVax Labs  Inc ,GOVX,2018-08-07,2018-11-05
953,832489,GeoVax Labs  Inc ,GOVXW,2018-08-07,2018-11-05
954,832489,GeoVax Labs  Inc ,GOVX,2018-11-08,2019-02-06
955,832489,GeoVax Labs  Inc ,GOVXW,2018-11-08,2019-02-06
956,832489,GeoVax Labs  Inc ,GOVX,2019-05-13,2019-08-11
957,832489,GeoVax Labs  Inc ,GOVXW,2019-05-13,2019-08-11
958,832489,GeoVax Labs  Inc ,GOVX,2019-08-13,2019-11-11
959,832489,GeoVax Labs  Inc ,GOVXW,2019-08-13,2019-11-11
960,832489,GeoVax Labs  Inc ,GOVX,2019-11-07,2020-02-05
961,832489,GeoVax Labs  Inc ,GOVXW,2019-11-07,2020-02-05
962,832489,GeoVax Labs  Inc ,GOVX,2020-05-05,2020-08-03
963,832489,GeoVax Labs  Inc ,GOVXW,2020-05-05,2020-08-03
964,832489,GeoVax Labs  Inc ,GOVX,2020-08-10,2020-11-08
965,832489,GeoVax Labs  Inc ,GOVXW,2020-08-10,2020-11-08
966,832489,GeoVax Labs  Inc ,GOVX,2020-11-05,2021-02-03
967,832489,GeoVax Labs  Inc ,GOVXW,2020-11-05,2021-02-03
968,832489,GeoVax Labs  Inc ,GOVX,2021-05-06,2021-08-04
969,832489,GeoVax Labs  Inc ,GOVXW,2021-05-06,2021-08-04
970,832489,GeoVax Labs  Inc ,GOVX,2021-08-11,2021-11-09
971,832489,GeoVax Labs  Inc ,GOVXW,2021-08-11,2021-11-09
972,832489,GeoVax Labs  Inc ,GOVX,2021-11-12,2022-02-10
973,832489,GeoVax Labs  Inc ,GOVXW,2021-11-12,2022-02-10
974,892832,SANDSTON CORP,SDON,2017-05-15,2017-08-13
975,892832,SANDSTON CORP,SDON,2017-08-11,2017-11-09
976,892832,SANDSTON CORP,SDON,2017-11-13,2018-02-11
977,892832,SANDSTON CORP,SDON,2018-05-14,2018-08-12
978,892832,SANDSTON CORP,SDON,2018-08-14,2018-11-12
979,892832,SANDSTON CORP,SDON,2018-11-13,2019-02-11
980,892832,SANDSTON CORP,SDON,2019-05-10,2019-08-08
981,892832,SANDSTON CORP,SDON,2019-08-13,2019-11-11
982,892832,SANDSTON CORP,SDON,2019-11-13,2020-02-11
983,892832,SANDSTON CORP,SDON,2020-05-14,2020-08-12
984,892832,SANDSTON CORP,SDON,2020-08-13,2020-11-11
985,892832,SANDSTON CORP,SDON,2020-11-13,2021-02-11
986,892832,SANDSTON CORP,SDON,2021-05-14,2021-08-12
987,892832,SANDSTON CORP,SDON,2021-08-13,2021-11-11
988,892832,SANDSTON CORP,SDON,2021-11-12,2022-02-10
989,912593,SUN COMMUNITIES INC,SUI,2017-04-27,2017-07-26
990,912593,SUN COMMUNITIES INC,SUI,2017-07-27,2017-10-25
991,912593,SUN COMMUNITIES INC,SUI,2017-10-24,2018-01-22
992,912593,SUN COMMUNITIES INC,SUI,2018-04-24,2018-07-23
993,912593,SUN COMMUNITIES INC,SUI,2018-07-26,2018-10-24
994,912593,SUN COMMUNITIES INC,SUI,2018-10-25,2019-01-23
995,912593,SUN COMMUNITIES INC,SUI,2019-04-25,2019-07-24
996,912593,SUN COMMUNITIES INC,SUI,2019-07-25,2019-10-23
997,912593,SUN COMMUNITIES INC,SUI,2019-10-24,2020-01-22
998,912593,SUN COMMUNITIES INC,SUI,2020-04-23,2020-07-22
999,912593,SUN COMMUNITIES INC,SUI,2020-07-23,2020-10-21
1000,912593,SUN COMMUNITIES INC,SUI,2020-10-22,2021-01-20
1001,912593,SUN COMMUNITIES INC,SUI,2021-04-27,2021-07-26
1002,912593,SUN COMMUNITIES INC,SUI,2021-07-27,2021-10-25
1003,912593,SUN COMMUNITIES INC,SUI,2021-10-26,2022-01-24
1004,916540,DARLING INGREDIENTS INC ,DAR,2017-05-11,2017-08-09
1005,916540,DARLING INGREDIENTS INC ,DAR,2017-08-09,2017-11-07
1006,916540,DARLING INGREDIENTS INC ,DAR,2017-11-07,2018-02-05
1007,916540,DARLING INGREDIENTS INC ,DAR,2018-05-09,2018-08-07
1008,916540,DARLING INGREDIENTS INC ,DAR,2018-08-08,2018-11-06
1009,916540,DARLING INGREDIENTS INC ,DAR,2018-11-06,2019-02-04
1010,916540,DARLING INGREDIENTS INC ,DAR,2019-05-08,2019-08-06
1011,916540,DARLING INGREDIENTS INC ,DAR,2019-08-07,2019-11-05
1012,916540,DARLING INGREDIENTS INC ,DAR,2019-11-06,2020-02-04
1013,916540,DARLING INGREDIENTS INC ,DAR,2020-05-06,2020-08-04
1014,916540,DARLING INGREDIENTS INC ,DAR,2020-08-05,2020-11-03
1015,916540,DARLING INGREDIENTS INC ,DAR,2020-11-03,2021-02-01
1016,916540,DARLING INGREDIENTS INC ,DAR,2021-05-11,2021-08-09
1017,916540,DARLING INGREDIENTS INC ,DAR,2021-08-10,2021-11-08
1018,916540,DARLING INGREDIENTS INC ,DAR,2021-11-09,2022-02-07
